prioridade,fonte_id,organizacao,tipo,url_vagas,url_termos_ou_licenca,evidencia_observada,resultado_politica,teste_tecnico,volume_observado,proximo_passo,decisao,data_pesquisa
1,sine_fortaleza_semanal,Prefeitura de Fortaleza / Sine Municipal,portal_oficial,https://fortaleza.ce.gov.br/noticias/fortaleza-abre-mais-de-2-6-mil-oportunidades-de-trabalho-com-selecoes-presenciais-e-feirao-inclusivo-pelo-sine-municipal,https://fortaleza.ce.gov.br/,Notícia oficial de 11/09/2026 informa 2623 oportunidades em 284 empresas; não foi localizada licença aplicável ao portal de notícias,pending,nao_iniciado,2623 vagas na semana,Localizar termos aplicáveis às notícias ou autorização formal da Prefeitura,nao_coletar,2026-09-16
1,sine_maceio_semanal,Prefeitura de Maceió / Sine,portal_oficial,https://maceio.al.gov.br/noticias/semtes/secretaria-do-trabalho-disponibiliza-1-135-vagas-de-emprego-pelo-sine-maceio,https://maceio.al.gov.br/,Notícia oficial de 30/06/2026 informa 1135 vagas na semana; não foi localizada licença de reutilização,pending,nao_iniciado,1135 vagas na semana,Localizar termos aplicáveis às notícias ou autorização formal da Prefeitura,nao_coletar,2026-09-16
1,sine_joao_pessoa_semanal,Prefeitura de João Pessoa / Sine-JP,portal_oficial,https://www.joaopessoa.pb.gov.br/noticias/sine-jp-disponibiliza-425-oportunidades-de-emprego-a-partir-desta-segunda-feira/,https://www.joaopessoa.pb.gov.br/,Notícia oficial de 14/06/2026 informa 425 vagas; não foi localizada licença de reutilização,pending,nao_iniciado,425 vagas na semana,Localizar termos aplicáveis às notícias ou autorização formal da Prefeitura,nao_coletar,2026-09-16
1,sine_contagem_diario,Prefeitura de Contagem / Sine,portal_oficial,https://portal.contagem.mg.gov.br/portal/noticias/0/3/83501/mais-de-1200-vagas-de-emprego-sao-ofertadas-nesta-segunda-feira-303,https://portal.contagem.mg.gov.br/portal/privacidade/,Termos permitem reprodução de notícias mas vedam alteração prejudicial e fins comerciais,restritiva,nao_iniciado,mais de 1200 vagas em um dia,Manter fora da coleta e publicação; somente reavaliar se houver autorização específica,bloqueada,2026-09-16
2,sete_amapa_vagas_sine,SETE Amapá / Sine,portal_oficial,https://sete.portal.ap.gov.br/,https://sete.portal.ap.gov.br/,Rodapé menciona Creative Commons 3.0 International sem indicar variante; robots.txt retornou 403,pending,nao_iniciado,mutirões recentes com 50 e mais de 100 vagas,Exigir link para licença completa e política de acesso automatizado,nao_coletar,2026-09-16
2,emprega_brasil_sine,Ministério do Trabalho e Emprego / SINE,portal_oficial,https://servicos.mte.gov.br/spme-v2/#/login,https://www.gov.br/pt-br/servicos/buscar-emprego-no-sistema-nacional-de-emprego-sine,Portal oficial confirma vagas via login do trabalhador; não há endpoint público de vagas individuais nem licença de republicação,pending,nao_iniciado,rede nacional,Monitorar publicação de conjunto aberto da IMO com licença e recurso público,nao_coletar,2026-09-16
3,greenpeace_brasil_carreiras,Greenpeace Brasil,pagina_carreiras,https://www.greenpeace.org/brasil/trabalhe-conosco/,https://www.greenpeace.org/brasil/fale-conosco/doadores/,Site institucional informa CC BY mas a página de carreiras direciona as vagas para vagas.com.br; a política desse domínio é bloqueada no projeto,restritiva,nao_iniciado,nao_medido,Manter fora da coleta e publicação enquanto as vagas individuais estiverem em vagas.com.br,bloqueada,2026-09-16
3,wyss_brazil_carreiras,Wyss Brazil Institute,pagina_carreiras,https://wyss.com.br/,https://wyss.com.br/,Rodapé institucional informa CC BY-SA 4.0 mas não foi confirmada página própria de vagas atuais,pending,nao_iniciado,nao_medido,Encontrar página própria de carreiras e confirmar que a licença cobre as vagas,nao_coletar,2026-09-16
3,debrief_carreiras,Debrief Consultoria,pagina_carreiras,https://www.debrief.com.br/vagas/,https://www.debrief.com.br/,Rodapé menciona Creative Commons sem variante ou escopo inequívoco,pending,nao_iniciado,nao_medido,Exigir variante de licença e escopo aplicável às vagas,nao_coletar,2026-09-16
2,mozilla_carreiras,Mozilla,pagina_carreiras,https://www.mozilla.org/en-US/careers/,https://www.mozilla.org/en-US/foundation/licensing/,Página própria de carreiras ativa; política geral cita CC BY ou CC BY-SA mas exige conferir a marcação da página específica,pending,nao_iniciado,vagas remotas globais; quantidade não medida,Confirmar licença no rodapé da página de vagas e domínio dos detalhes antes de testar,nao_coletar,2026-09-16
2,wikimedia_foundation_jobs,Wikimedia Foundation,pagina_carreiras,https://wikimediafoundation.org/jobs/,https://wikimediafoundation.org/who-we-are/people/,Página própria lista vagas atuais e possui conteúdo CC BY-SA identificado; detalhes de vagas apontam para Greenhouse externo,pending,nao_iniciado,vagas remotas globais; quantidade variável,Confirmar licença aplicável aos detalhes ou autorização da plataforma Greenhouse antes de testar,nao_coletar,2026-09-16
3,eff_oportunidades,Electronic Frontier Foundation,pagina_carreiras,https://w2.eff.org/opportunities/,https://join.eff.org/Translators/,EFF permite distribuir material original sob CC BY; página de oportunidades encontrada parece histórica e precisa de confirmação de vagas vigentes,pending,nao_iniciado,nao_medido,Localizar página atual de vagas individuais no domínio eff.org e confirmar vigência,nao_coletar,2026-09-16
1,magalu_carreiras,Magazine Luiza,pagina_carreiras,https://carreiras.magazineluiza.com.br/,https://carreiras.magazineluiza.com.br/,Página oficial de carreiras com vagas e encaminhamento de candidatura; não foi encontrada regra de republicação na página analisada,pending,nao_iniciado,nao_medido,Obter autorização escrita do Magalu e a URL técnica oficial das vagas; então testar o fluxo de coleta,nao_coletar,2026-09-18
1,cielo_carreiras,Cielo,pagina_carreiras,https://www.cielo.com.br/trabalhe-conosco/,https://www.cielo.com.br/trabalhe-conosco/,Página oficial de carreiras com vagas e aviso de privacidade ao candidato; não foi encontrada regra de republicação na página analisada,pending,nao_iniciado,nao_medido,Obter autorização escrita da Cielo e a URL técnica oficial das vagas; então testar o fluxo de coleta,nao_coletar,2026-09-18
1,cocacola_femsa_carreiras,Coca-Cola FEMSA Brasil,pagina_carreiras,https://coca-colafemsa.com/pt/junte-se-a-coca-cola-femsa/sua-carreira-na-coca-cola-femsa/brasil.html,https://coca-colafemsa.com/pt/junte-se-a-coca-cola-femsa/sua-carreira-na-coca-cola-femsa/brasil.html,Página oficial direciona as candidaturas ao portal Eightfold; não foi encontrada regra de republicação na página institucional analisada,pending,nao_iniciado,nao_medido,Obter autorização escrita da Coca-Cola FEMSA e confirmar se fornecerão feed ou acesso autorizado ao portal de vagas,nao_coletar,2026-09-18
1,rd_saude_carreiras,RD Saúde,pagina_carreiras,https://ri.rdsaude.com.br/trabalhe-conosco,https://ri.rdsaude.com.br/trabalhe-conosco,Página oficial direciona para vagas das marcas do grupo; a página precisa de nova verificação técnica porque não respondeu ao acesso automatizado,pending,nao_iniciado,nao_medido,Obter autorização escrita da RD Saúde e uma URL técnica de vagas; então testar o fluxo de coleta,nao_coletar,2026-09-18
1,flash_carreiras,Flash,pagina_carreiras,https://jobs.lever.co/flashapp,registro interno da empresa,Autorização escrita de redistribuição confirmada pelo titular do projeto; a cópia é mantida fora do repositório,aprovada,validado_tecnico,vagas brasileiras ativas,Promovida para coleta e publicação com procedência obrigatória,aprovada,2026-09-18
1,decolar_carreiras,Decolar / Despegar,pagina_carreiras,https://jobs.lever.co/despegar,registro interno da empresa,Autorização escrita de redistribuição confirmada pelo titular do projeto; a cópia é mantida fora do repositório,aprovada,validado_tecnico,vagas brasileiras e latino-americanas,Promovida para coleta e publicação; revisar somente localidades brasileiras antes do envio,aprovada,2026-09-18
1,hcor_carreiras,Hcor / Associação Beneficente Síria,pagina_carreiras,https://hcor.portaldetalentos.senior.com.br/jobs,registro interno da empresa,Autorização escrita de redistribuição confirmada pelo titular do projeto; a cópia é mantida fora do repositório,aprovada,validado_tecnico,13 vagas públicas observadas no portal Senior,Promovida para coleta e publicação; usar renderização JavaScript na coleta de teste,aprovada,2026-09-18
